template_id	template_smarts	reaction_class_id	reaction_name	annotation_method	annotation_confidence	example_reactants	example_product
0	[#6:1][N:2]=[C:3]=[S:4].[F,Cl,Br,I][C:5][C;!$(C(=O)[N,O,S,F,Cl,Br,I]):6]=O.[NH2;$([N][#6]);!$([N]C=[O,S,N]):7]>>[#6:1][N:2]=[c:3]1[n:7][c:6][c:5][s:4]1	thiazole	thiazole	smarts-rules	1.0	CN=C=S|O=CCBr|CN	CN=c1sccn1C
1	[#6:1][N:2]=[C:3]=[S:4].[O:5]=[C:6]1[CH:7]=[C:8][C:9](=[O:10])[N:11]1.[NH2;$([N][#6]);!$([N]C=[O,S,N]):12]>>[#6:1][N:2]=[c:3]1[n:12][c:6]([O:5])[c:7]([C:8][C:9](=[O:10])[N:11])[s:4]1	thiazole	thiazole	smarts-rules	1.0	CN=C=S|O=C1C=CC(=O)N1|CN	CN=c1sc(CC(N)=O)c(O)n1C
2	[NH2:1][NH:2][#6:3].[#6:4][CH:5]=O>>[#6:4][CH:5]=[N:1][N:2][#6:3]	1.2.1	uncategorized aldehyde reductive amination	rxnfp-50	0.43007438383345026	CNN|CC=O	CC=NNC
3	[$(C=O),$(C#N),$(S=O),$([N+](=O)[O-]):1][CH3,CH2&$([C]([#6])[#6]):2].[#6:4][CH:5]=O>>[*:1][C:2]=[CH:5][#6:4]	10.4.2	uncategorized methylation	rxnfp-50	0.9527095787188082	CC=O|CC=O	CC=CC=O
4	[#6:1][N:2]=[C:3]=[S:4].[NX3;!$(N[C]=[S,O,N]);$(N[#6,S]);!$(N[#7]);H1,H2:5]>>[N:5][C:3](=[S:4])[N:2][#6:1]	thiourea	thiourea	smarts-rules	1.0	CN=C=S|CN	CNC(=S)NC
5	[#6:1][CH:2]=O.[c:3][C:4](=[O:5])[NH:6][CH2:7][C:8](=[O:9])[OH,O-]>>[#6:1][CH:2]=[C:7]1[C:8](=[O:9])[O:5][C:4]([c:3])=[N:6]1	10.4.2	uncategorized methylation	rxnfp-50	0.941772682258494	CC=O|O=C(O)CNC(=O)c1ccccc1	CC=C1N=C(c2ccccc2)OC1=O
6	[N;$([NH](C=[O,S])[#6]),$([NH2](C=[O,S])):1][C:2](=[O,S:3])[N;$([NH](C=[O,S])[#6]),$([NH2](C=[O,S])):4].[c:5][CH:6]=O.[C;$([CH2](C=O)[#6]),$([CH3](C=O)):7][C:8](=O)[CH2:9][C:10](=[O:12])[$([O][C]),$([NH][C]),$([N]([C])[C]):11]>>[c:5][C:6]1[N:1][C:2](=[*:3])[N:4][C:8]([C:7])=[C:9]1[C:10](=[O:12])[*:11]	Schotten-Baumann_amide	Schotten-Baumann_amide	smarts-rules	1.0	NC(N)=O|O=Cc1ccccc1|CCOC(=O)CC(C)=O	CCOC(=O)C1=C(C)NC(=O)NC1c1ccccc1
7	[NH2;$(NC),$(Nc),$(NNC(=O)C):1].[C:3]=[C:4]-O[CH2][CH3]>>[C:3]=[C:4]-[NH:1]	10.4.2	uncategorized methylation	rxnfp-50	0.9951880258950323	CN|C=COCC	C=CNC
8	[NX3;!$(N[C]=[S,O,N]);$(N[#6,S]);!$(N[#7]);H1,H2:1].[#6:4][C:5](=[O:6])[OH,O-]>>[N:1][C:5](=[O:6])[#6:4]	Schotten-Baumann_amide	Schotten-Baumann_amide	smarts-rules	1.0	CN|CC(=O)O	CNC(C)=O
9	[NX3;!$(N[C,S]=[S,O,N]);$(N[#6]);!$(N[#7]);H1,H2:1].[#6:2][Cl,Br,I]>>[N:1][#6:2]	10.4.2	uncategorized methylation	rxnfp-50	0.7293823577183426	CN|CCl	CNC
10	[$(C=O),$(C#N),$(S=O),$([N+](=O)[O-]):1][CH2:2][$(C=O),$(C#N),$(S=O),$([N+](=O)[O-]):3].[#6:4][CH:5]=O>>[*:1][C:2]([*:3])=[CH:5][#6:4]	Wittig	Wittig	smarts-rules	1.0	N#CCC#N|CC=O	CC=C(C#N)C#N
11	[NX3;!$(N[C]=[S,O,N]);$(N[#6,S]);H1,H2:1].[#6:2][S:3](=[O:4])(=[O:5])[F,Cl,Br,I]>>[N:1][S:3](=[O:4])(=[O:5])[#6:2]	sulfon_amide	sulfon_amide	smarts-rules	1.0	CN|CS(=O)(=O)Cl	CNS(C)(=O)=O
12	[#6:1][NH:2][C:3](=[S:4])[NH:5][NH2:6].[#6:7][C:8](=O)[C:9]([#6:10])[Cl,Br,I]>>[#6:1][NH:2][C:3]1=[N:5]-[N:6]=[C:8]([#6:7])-[C:9]([#6:10])-[S:4]1	Negishi	Negishi	smarts-rules	1.0	CNC(=S)NN|CC(=O)C(C)Cl	CNC1=NN=C(C)C(C)S1
13	[O]=[C;$([C]([C])[#6]),$([CH]([C])):1][C;H2,H3:2].[#6:3][C:4](=O)[c:5][c:6][NH2:7]>>[c:1]1[c:2][c:4]([#6:3])[c:5][c:6][n:7]1	quinoline	quinoline	smarts-rules	1.0	CC=O|CC(=O)c1ccccc1N	Cc1ccnc2ccccc12
14	[#6:1][NH:2][NH2:3].O=[C;$(C(C)[#6]),$([CH][C]):4][C;H1,H2;!R:5][C;$(C(C)[#6]),$([CH][C]):6]=O>>[#6:1][n:2]1[n:3][c:6][c:5][c:4]1	pyrazole	pyrazole	smarts-rules	1.0	CNN|CC(=O)CC(C)=O	Cc1cc(C)n(C)n1
15	[#6:1][NH:2][NH2:3].O=[C;$(C(C)[#6]),$([CH][C]):4][#6;H1,H2;!R:5][#6:6][C;$(C(C)[#6]),$([CH][C]):7]=O>>[#6:1][#7H0+0:2]1[#7H0+0:3]=[#6:7][#6:6][#6:5]=[#6:4]1	10.4.2	uncategorized methylation	rxnfp-50	0.9908024433916041	CNN|CC(=O)CCC(C)=O	CC1=CCC(C)=NN1C
16	[#6,#1:1][NH:2][C:3](=[S:4])[NH2:5].[#6,H:6][N:7]1[C:8](=[O:9])[C:10]=[C:11][C:12]1=[O:13]>>[*:1][N:2]=[C:3]1[S:4][C:11]([C:10][C:8](=[O:9])[N:7][*:6])[C:12](=[O:13])[NH:5]1	2.1.2	uncategorized carboxylic acid + amine reaction	rxnfp-50	0.6733022204556182	CNC(N)=S|CN1C(=O)C=CC1=O	CN=C1NC(=O)C(CC(=O)NC)S1
17	[#6:1][NH:2][NH2:3].O=[C:4][c:5]1[c:6][o:11][c:7][c:8][c:9]1=[O:10]>>[#6:1][N:2]1[N:3]=[C:4][C:5]([C:9](=[O:10])[c:8][c:7][OH:11])=[C:6]1	pyrazole	pyrazole	smarts-rules	1.0	CNN|O=Cc1coc2ccccc2c1=O	Cn1cc(C(=O)c2ccccc2O)cn1
18	[Cl,Br,I][CH2:1][$(C=O),$(C#N),$(S=O),$([N+](=O)[O-]):2].O=[CH:3][c:4][c:5][OH:6]>>[*:2][c:1]1[c:3][c:4][c:5][O:6]1	benzofuran	benzofuran	smarts-rules	1.0	O=CCBr|O=Cc1ccccc1O	O=Cc1cc2ccccc2o1
19	[#6:1][$(CO):2](=O)[O].[NH2:3][c:4][c:5][NH2,NH,SH,OH:6]>>[#6:1][c:2]1[nH0+0:3][c:4][c:5][*:6]1	benzimidazole_derivatives_carboxylic-acid/ester	benzimidazole_derivatives_carboxylic-acid/ester	smarts-rules	1.0	CC(=O)O|Nc1ccccc1N	Cc1nc2ccccc2[nH]1
20	[#6:1][CH:2](=O).[NH2:3][c:4][c:5][NH2,NH,SH,OH:6]>>[#6:1][c:2]1[nH0+0:3][c:4][c:5][*:6]1	benzimidazole_derivatives_aldehyde	benzimidazole_derivatives_aldehyde	smarts-rules	1.0	CC=O|Nc1ccccc1N	Cc1nc2ccccc2[nH]1
21	[#6;!$(C=[S,O,N]):1][Cl,Br,I].[#6;!$(C=[S,O,N]):2][Cl,Br,I]>>[#6:1]S[#6:2]	10.4.2	uncategorized methylation	rxnfp-50	0.9866369468706627	CCl|CCl	CSC
22	[OH;$(Oc):1].[C:2]1[O:4][C:3]1>>[O:1][C:2][C:3][OH:4]	1.7.7	uncategorized mitsunobu aryl ether synthesis	rxnfp-50	0.9629757803728878	Oc1ccccc1|C1CO1	OCCOc1ccccc1
23	[OH;$(Oc):1].[C:4]=[C:5][$(C=O),$(C#N),$(S=O),$([N+](=O)[O-]):6]>>[O:1][C:4][C:5][*:6]	1.7.9	uncategorized williamson ether synthesis	rxnfp-50	0.9564382843878105	Oc1ccccc1|C=CC(C)=O	CC(=O)CCOc1ccccc1
24	[NX3;!$(N[C]=[S,O,N]);H1,H2:1][c:2][c:3][C:4](=[O:5])[NX3;H1,H2:6].O=[CX3;!$(C(=O)[O,S,N,F,Cl,Br,I]):7]>>[N:1]1[c:2][c:3][C:4](=[O:5])[N:6][C:7]1	7.2.1	uncategorized amide to amine reduction	rxnfp-50	0.5631680709633476	NC(=O)c1ccccc1N|C=O	O=C1NCNc2ccccc21
25	[#6:1][NH2:2].([S:3]=[C:4]=[N;$([N][#6]):5].[#6;$([c][c]N=C=S),$([C][C]N=C=S),$([C]N=C=S):6][C:7](=[O:8])[O;$(O(C)C)])>>[NH:5][C:4](=[S:3])[N:2]([#6:1])[C:7](=[O:8])[#6:6]	Schotten-Baumann_amide	Schotten-Baumann_amide	smarts-rules	1.0	CN|COC(=O)CN=C=S	CN1C(=O)CNC1=S
26	[NX3;!$(N[C,S]=[S,O,N]);$(N[#6]);!$(N[#7]);H1,H2:1].[NX3;$(N[#6]);!$(N[#7]);H1,H0:2][$([C][O][CH2][C](F)(F)F),$([C]n1cncc1)&!R:3](=[O:4])[O,n]>>[N:1][C:3](=[O:4])[N:2]	Schotten-Baumann_amide	Schotten-Baumann_amide	smarts-rules	1.0	CN|CNC(=O)OCC(F)(F)F	CNC(=O)NC
27	[$(O[#6]),$([NH][#6]),$([#6]):1][C:2](=[O:3])[CH2:4][C:5](=[O:6])[$(O[#6]),$([NH][#6]),$([#6]):7].[C:8][C:9]([$([O][CH3]),$([O][CH2][CH3])])([$([O][CH3]),$([O][CH2][CH3])])[$([O][CH3]),$([O][CH2][CH3])].[#6,$([NH][C](=O)[CH3]);!$(C=[O,S,N]):10][NH2:11]>>[*:1][C:2](=[O:3])[C:4]([C:5](=[O:6])[*:7])=[C:9]([C:8])[NH:11][*:10]	10.4.2	uncategorized methylation	rxnfp-50	0.9987878413625924	O=C(O)CC(=O)O|COC(C)(OC)OC|CN	CNC(C)=C(C(=O)O)C(=O)O
28	[#6:1][N:2]=[C:3]=[S:4].[c:5][CH:6]=O>>[c:5][C:6]=[C]1[S][C:3](=[S:4])[N:2]([#6:1])C1=O	10.4.2	uncategorized methylation	rxnfp-50	0.5255924652587859	CN=C=S|O=Cc1ccccc1	CN1C(=O)C(=Cc2ccccc2)SC1=S
29	[N:1]#[C:2][#6:3].[NH2:4][c:5][c:6][C:7](=[O:8])[$(O(C=O)C)]>>[#6:3][C:2]1=[N:4][c:5][c:6][C:7](=[O:8])[N:1]1	Niementowski_quinazoline	Niementowski_quinazoline	smarts-rules	1.0	CC#N|COC(=O)c1ccccc1N	Cc1nc2ccccc2c(=O)[nH]1
30	[C:1][NH2:2].([OH,$(O(C=O)C),Cl,Br,I][C;!R1:3](=[O:4])[CR1,$([c][c][NH][C]=[O]):5].[CR1,$([c][c][C]=[O]):6][NH:7][C;!R1:8](=[O:9])[OH,$(O(C=O)C),Cl,Br,I])>>[*:6][NH:7][C:8](=[O:9])[N:2]([C:1])[C:3](=[O:4])[*:5]	Schotten-Baumann_amide	Schotten-Baumann_amide	smarts-rules	1.0	CN|O=C(O)NC1CCC(C(=O)O)CC1	CN1C(=O)NC2CCC(CC2)C1=O
31	[#6:1][C:2](=[O:3])[OH,O-:4].[Cl,Br,I][C;!$(C=[N,O,S]):5]>>[#6:1][C:2](=[O:3])[O:4][C:5]	Grignard_carbonyl	Grignard_carbonyl	smarts-rules	1.0	CC(=O)O|CCl	COC(C)=O
32	[#6;!$(C=[S,O,N]):1][Cl,$(OS(=O)(=O)[#6;!R])].[#6;!$(C=[S,O,N]):2][Cl,$(OS(=O)(=O)[#6;!R])]>>[#6:1]S(=O)(=O)[#6:2]	2.7.2	uncategorized sulfonic ester schotten-baumann	rxnfp-50	0.8565134553264363	CCl|CCl	CS(C)(=O)=O
33	[#6;!$(C=[S,O,N]):1][Cl,$(OS(=O)(=O)[#6;!R])].[#6;!$(C=[S,O,N]):2][Cl,$(OS(=O)(=O)[#6;!R])]>>[#6:1]S(=O)(=O)[#6:2]	2.7.2	uncategorized sulfonic ester schotten-baumann	rxnfp-50	0.8565134553264363	CCl|CCl	CS(C)(=O)=O
34	[#6:1][NH2:2].Cl[S:3](=[O:4])(=[O:5])[c:6][c:7][C:8](=[O:9])[O;$(O(C)C)]>>[C:1][N:2]1[S:3](=[O:4])(=[O:5])[c:6][c:7][C:8](=[O:9])1	Schotten-Baumann_amide	Schotten-Baumann_amide	smarts-rules	1.0	CN|COC(=O)c1ccccc1S(=O)(=O)Cl	CN1C(=O)c2ccccc2S1(=O)=O
35	[NH2:1]-[c:2][c:3]-[C:4]#[N:5].[#6;!$(C=[O,S,N]):6][NH2:7]>>[#6:6][NH:7][cH0+0:4]1[nH0+0:5][cH0+0][nH0+0:1][c:2][c:3]1	10.4.2	uncategorized methylation	rxnfp-50	0.9926255473949332	N#Cc1ccccc1N|CN	CNc1n[c]nc2ccccc12
36	[NH2;$([N][#6]);!$([N]C=[O,S,N]):1].[NX3;!$(N[C,S]=[S,O,N]);$(N[#6]);!$(N[#7]);H1,H2:2]>>[N:1][C](=[O])[N:2]	5.1.1	uncategorized n-boc protection	rxnfp-50	0.73000133617905	CN|CN	CNC(=O)NC
37	[#6;!$(C=[S,O,N]):1][Cl,$(OS(=O)(=O)[#6;!R])].[#6;!$(C=[S,O,N]):2][SH:3]>>[#6:1][S:3](=O)(=O)[#6:2]	2.7.2	uncategorized sulfonic ester schotten-baumann	rxnfp-50	0.7416613066917839	CCl|CS	CS(C)(=O)=O
38	[NX3;!$(N[C]=[S,O,N]);$(N[#6,S]);!$(N[#7]);H1,H2:1].[NX3;!$(N[C]=[S,O,N]);$(N[#6,S]);!$(N[#7]);H1,H2:2]>>[N:1]C(=O)C(=O)[N:2]	3.3.1	uncategorized sonogashira coupling	rxnfp-50	0.6913115456192058	CN|CN	CNC(=O)C(=O)NC
39	[N;$([N](=CS)[C]),$([NH]=CS):1]=[C:2]([S;!R]C)[NX3;$([NH](CS)[C]),$([NH2]CS):3].[C;!$(C=[N,O,S]):4][NH2:5]>>[C:4][N:5][C:2](=[N:1])[N:3]	10.4.2	uncategorized methylation	rxnfp-50	0.99969119803281	CSC(=N)N|CN	CNC(=N)N
40	[$(C=O),$([N+](=O)[O-]):1][CH2:2][$(C=O),$([N+](=O)[O-]):3].FC(F)(F)CO[C:4](=[O:5])[NH:6][#6;!$(C=[O,S,N]):7]>>[*:1][CH:2]([*:3])[C:4](=[O:5])[NH:6][*:7]	Schotten-Baumann_amide	Schotten-Baumann_amide	smarts-rules	1.0	O=C(O)CC(=O)O|CNC(=O)OCC(F)(F)F	CNC(=O)C(C(=O)O)C(=O)O
41	[NX3;$([NH](C=S)[C]),$([NH2]C=S):1][C:2](=S)[NX3;$([NH](C=S)[C]),$([NH2]C=S):3].[C;!$(C=[N,O,S]):4][NH2:5]>>[C:4][NH:5][C:2](=[N:1])[NH:3]	10.4.2	uncategorized methylation	rxnfp-50	0.9998949532688661	NC(N)=S|CN	CNC([NH])=N
42	[#6;!$(C=[S,O,N]):1][Cl,$(OS(=O)(=O)[#6;!R])].[#6;!$(C=[S,O,N]):2][SH:3]>>[#6:1][S:3](=O)[#6:2]	8.2.1	uncategorized sulfanyl to sulfinyl	rxnfp-50	0.9991117030367452	CCl|CS	CS(C)=O
43	[NX3;!$(N[C,S]=[S,O,N]);$(N[#6]);!$(N[#7]);H1,H2:1].[#6:3][CX3;!$(C[!#6]);H0,H1:4]=[O]>>[N:1][C:4][#6:3]	reductive amination	reductive amination	smarts-rules	1.0	CN|CC=O	CCNC
44	[NX3;!$(N[C,S]=[S,O,N]);$(N[#6]);!$(N[#7]);H1,H2:1].[#6:4][C:5](=[O:6])[O:7][C:8](=[O:9])[#6:10]>>([N:1][C:5](=[O:6])[#6:4].[OH:7][C:8](=[O:9])[#6:10])	Schotten-Baumann_amide	Schotten-Baumann_amide	smarts-rules	1.0	CN|CC(=O)OC(C)=O	CC(=O)O.CNC(C)=O
45	[NH2:1][c:2][c:3][C:4](=[O:5])[O][C].[C:6][NH2:7]>>[NH:1]1[c:2][c:3][C:4](=[O:5])[N:7]([C:6])C1=O	Niementowski_quinazoline	Niementowski_quinazoline	smarts-rules	1.0	COC(=O)c1ccccc1N|CN	Cn1c(=O)[nH]c2ccccc2c1=O
46	[#6:1]-[C:2]#[N:3].[#6:4]-[C:5](=O)[OH,O-]>>[#6:1]-[cH0+0:2]1[nH0+0][oH0+0][cH0+0:5]([#6:4])[nH0+0:3]1	oxadiazole	oxadiazole	smarts-rules	1.0	CC#N|CC(=O)O	Cc1noc(C)n1
47	[OH:1]-[N:2]=[C:3]([#6:4])-[NH2:5]>>[#6:4]-[cH0+0:3]1[nH0+0:2][oH0+0:1][cH0+0](=O)[nH1+0:5]1	10.4.2	uncategorized methylation	rxnfp-50	0.9988231587969683	CC(N)=NO	Cc1noc(=O)[nH]1
48	[#6:1]-[N:2]=[C:3]=S.[NX3;!$(N[C,S]=[S,O,N]);$(N[#6]);!$(N[#7]);H1,H2:5].[#6:7]-[C:8](=O)[NH:9][NH2:10]>>[#6:1]-[nH0+0:2]1[cH0+0:8](-[#6:7])[nH0+0:9][nH0+0:10][cH0+0:3](-[N:5])1	1,2,4-triazole	1,2,4-triazole	smarts-rules	1.0	CN=C=S|CN|CC(=O)NN	CNc1nnc(C)n1C
49	[#6:1][C:2](=[O:3])[O;$(O[CH3]),$(O[CH2][CH3]),$(O[CH2][C](F)(F)F)].[NX3;!$(N[C,S]=[S,O,N]);$(N[#6]);!$(N[#7]);H1,H2:4]>>[#6:1][C:2](=[O:3])[N:4]	Schotten-Baumann_amide	Schotten-Baumann_amide	smarts-rules	1.0	COC(C)=O|CN	CNC(C)=O
50	[c:1]-B(O)O.[Cl,Br,I][c:2]>>[c:1]-[c:2]	Suzuki	Suzuki	smarts-rules	1.0	OB(O)c1ccccc1|Brc1ccccc1	c1ccc(-c2ccccc2)cc1
51	[#6,#1:1][C:2](=[O:3])[NH:4][NH2:5].[#6,H:6][C:7](=O)[OH,O-]>>[*:1][c:2]1[nH0+0:4][nH0+0:5][c:7]([*:6])[oH0+0:3]1	oxadiazole	oxadiazole	smarts-rules	1.0	CC(=O)NN|CC(=O)O	Cc1nnc(C)o1
52	[NX3;$([NH]([#6])[C]),$([NH2][C]):1][C:2][C:3](=[O:4])O[C;!R].[C;!$(C=[N,O,S]):5][NH2:6]>>[N:1]1[C:2][C:3](=[O:4])[N:6]([C:5])C(=O)1	Schotten-Baumann_amide	Schotten-Baumann_amide	smarts-rules	1.0	COC(=O)CN|CN	CN1C(=O)CNC1=O
53	[NX3;$([NH]([#6])[C]),$([NH2][C]):1][C:2][C:3](=[O:4])O[C;!R].[C;!$(C=[N,O,S]):5][NH:6][C:7](=[O:8])O[CH2]C(F)(F)F>>[N:1]1[C:2][C:3](=[O:4])[N:6]([C:5])[C:7](=[O:8])1	Schotten-Baumann_amide	Schotten-Baumann_amide	smarts-rules	1.0	COC(=O)CN|CNC(=O)OCC(F)(F)F	CN1C(=O)CNC1=O
54	[#6,#1:1][C:2](=O)[C:3]([#6,H:4])[Cl,Br,I]>>[*:1]-[cH0+0:2]1[nH0+0][cH0+0](-[NH2])[sH0+0][c:3]1[*:4]	thiazole	thiazole	smarts-rules	1.0	CC(=O)C(C)Cl	Cc1nc(N)sc1C
55	[NX3;$([NH]([#6])[C]),$([NH2][C]):1][C:2][C:3](=[O:4])O[C;!R].[C;!$(C=[N,O,S]):5][NH:6][C:7](=[O:8])O[CH2]C(F)(F)F>>[C:5][NH:6][C:7](=[O:8])[N:1][C:2][C:3](=[O:4])[OH]	Schotten-Baumann_amide	Schotten-Baumann_amide	smarts-rules	1.0	COC(=O)CN|CNC(=O)OCC(F)(F)F	CNC(=O)NCC(=O)O
56	[#6;!$(C=[O,S,N]):1][OH,SH:2].[Cl,Br,I][#6;!$(C=[N,O,S]):3]>>[#6:1][O,S:2][#6:3]	Williamson ether	Williamson ether	smarts-rules	1.0	CO|CCl	COC
57	[#6:1][C:2](=[O:3])[F,Cl,Br].[NX3;!$(N[C,S]=[S,O,N]);$(N[#6]);!$(N[#7]);H1,H2:4]>>[#6:1][C:2](=[O:3])[N:4]	2.1.1	uncategorized amide schotten-baumann	rxnfp-50	0.9866286928569905	CC(=O)Cl|CN	CNC(C)=O
58	[NX3;!$(N[C,S]=[S,O,N]);$(N[#6]);!$(N[#7]);H1,H2:1].[C:2]1[O:4][C:3]1>>[#7:1][C:2][C:3][OH:4]	10.4.2	uncategorized methylation	rxnfp-50	0.8762771927460367	CN|C1CO1	CNCCO
59	[NX3;!$(N[C,S]=[S,O,N]);$(N[#6]);!$(N[#7]);H1,H2:1].[C:4]=[C:5][$(C=O),$(C#N),$(S=O),$([N+](=O)[O-]):6]>>[N:1][C:4][C:5][*:6]	1.2.1	uncategorized aldehyde reductive amination	rxnfp-50	0.5480353549621736	CN|C=CC(C)=O	CNCCC(C)=O
60	[#6:1]-[N:5]=[N+:6]=[N-:7].[#6:2]-[C:3]#[CH:4]>>[#6:2][cH0+0:3]1[cH1+0:4][nH0+0:5]([#6:1])[nH0+0:6][nH0+0:7]1	Huisgen click 1,2,3-triazole	Huisgen click 1,2,3-triazole	smarts-rules	1.0	CN=[N+]=[N-]|C#CC	Cc1cn(C)nn1
61	CO-[CH0+0:1]1=[NH0+0:2][CH2+0:3][C,O,N:4][C,O,N:5][CH2+0:6]1.[#6:7]-[C:8](=O)[NH:9][NH2:10]>>[#6:7]-[cH0+0:8]1[nH0+0:9][nH0+0:10][cH0+0:1]2[nH0+0:2]1[CH2+0:3][*:4][*:5][CH2+0:6]2	1,2,4-triazole	1,2,4-triazole	smarts-rules	1.0	COC1=NCCCC1|CC(=O)NN	Cc1nnc2n1CCCC2
62	[#6,#1:1][C:2](=[O:3])[NH:4][NH2:5].[#6,H:6][N:7]=[C:8]=S>>[*:1][c:2]1[nH0+0:4][nH0+0:5][c:8]([NH:7][*:6])[oH0+0:3]1	oxadiazole	oxadiazole	smarts-rules	1.0	CC(=O)NN|CN=C=S	CNc1nnc(C)o1
63	[CH1:1]-[Cl,Br,I].[#6:2]-[C:3]#[CH:4]>>[#6:2][cH0+0:3]1[cH1+0:4][nH0+0]([CH1:1])[nH0+0][nH0+0]1	Huisgen click 1,2,3-triazole	Huisgen click 1,2,3-triazole	smarts-rules	1.0	C=CBr|C#CC	C=Cn1cc(C)nn1
64	[#6:1]-[N:5]=[N+:6]=[N-:7].[#6;!$(C=[O,S,N]):2]-[NH2:3]>>[#6:2]-[NH1:3][CH2][cH0+0]1[cH1+0][nH0+0:5]([#6:1])[nH0+0:6][nH0+0:7]1	Huisgen click 1,2,3-triazole	Huisgen click 1,2,3-triazole	smarts-rules	1.0	CN=[N+]=[N-]|CN	CNCc1cn(C)nn1
65	[#6,#7:1][C:2](=[S:3])[NH2:4].[F,Cl,Br,I][CH:5][C:6](=O)[C:7]#[C:8][Si](C)(C)C.[N-:9]=[N+:10]=[N:11][c:12]>>[*:1][c:2]1[s:3][c:5][c:6]([c:7]2[nHo+0:9][nHo+0:10][nHo+0:11]([c:12])[c:8]2)[n:4]1	Huisgen click 1,2,3-triazole	Huisgen click 1,2,3-triazole	smarts-rules	1.0	CC(N)=S|CC(Br)C(=O)C#C[Si](C)(C)C|[N-]=[N+]=Nc1ccccc1	Cc1nc(-c2cn(-c3ccccc3)nn2)c(C)s1
66	[#6;!$(C=[O,S,N]):1]-[NH2:2].[#6;!$(C=[O,S,N]):3]-[NH2:4]>>[#6:1][NH:2]c1ncnc2c1nc[nH0+0:4]2[#6:3]	imidazole	imidazole	smarts-rules	1.0	CN|CN	CNc1ncnc2c1ncn2C
67	[C;!$(C=[N,O,S]):1][NH2:2].[C;!$(C=[N,O,S]):3][NH2:4].[C;!$(C=[N,O,S]):5][NH2:6]>>[C:1][N:2]=C([NH:6][C:5])[NH:4][C:3]	10.4.2	uncategorized methylation	rxnfp-50	0.9752422490002984	CN|CN|CN	CN=C(NC)NC
68	[NX3;!$(N[C,S]=[S,O,N]);$(N[#6]);!$(N[#7]);H2:1].[#6:3][CX3;!$(C[!#6]);H0,H1:4]=[O].[Cl,Br,I][C,S;$([C,S]=[S,O,N]):5]>>[*:5][N:1][C:4][#6:3]	2.1.1	uncategorized amide schotten-baumann	rxnfp-50	0.6213355322298441	CN|CC=O|CC(=O)Cl	CCN(C)C(C)=O
69	([NX3;!$(N[C,S]=[S,O,N]);$(N[#6]);!$(N[#7]);H1:1].[NX3;H0:2]C(=O)OC(C)(C)C).[#6:3][C:4](=[O:5])[OH,O-].[#6:6][C:7](=[O:8])[OH,O-]>>([N:1][C:4](=[O:5])[#6:3].[N:2][C:7](=[O:8])[#6:6])	Schotten-Baumann_amide	Schotten-Baumann_amide	smarts-rules	1.0	CN(CCNc1ccccc1)C(=O)OC(C)(C)C|CC(=O)O|CC(=O)O	CC(=O)N(C)CCN(C(C)=O)c1ccccc1
70	[NH2:1][C:2](=S)[N:3]([#6;!$(C=[O,S,N,C]):4])[#6,H;!$(C=[O,S,N,C]):5].[#6:6]-[C:7](=O)[NH:8][NH2:9]>>[nH1+0:1]1[cH0+0:7](-[#6:6])[nH0+0:8][nH0+0:9][cH0+0:2](-[N:3]([#6,H:5])[#6:4])1	1,2,4-triazole	1,2,4-triazole	smarts-rules	1.0	CN(C)C(N)=S|CC(=O)NN	[CH]N(C)c1nnc(C)[nH]1
71	[#6:1][C:2](=O)[#6:3].[#6:4][OH,nH,NH:5]>>[#6:4][*:5][C:2]([#6:1])([#6:3])C(=O)O	6.2.3	uncategorized co2h-tbu deprotection	rxnfp-50	0.4983139188413787	CC(C)=O|CO	COC(C)(C)C(=O)O
72	[#6:1][C:2](=[O:3])[OH,O-:4].[OH][C;!$(C=[N,O,S]):5]>>[#6:1][C:2](=[O:3])[O:4][C:5]	1.7.6	uncategorized methyl esterification	rxnfp-50	0.9578658798904379	CC(=O)O|CO	COC(C)=O
73	([C;!$(C=[N,O,S]):1][NH:2][#6;!$([c][c][c][NH2]);$([#6][#6][NH2]),$([#6][#6][#6][NH2]):3].[#6;$([#6][#6][NH:2]),$([#6][#6][#6][NH:2]):4][NH2:5]).[C;!$(C=[N,O,S]):7][NH2:6]>>[#6:3][N:2]([C:1])C([NH:6][C:7])=[N:5][#6:4]	10.4.2	uncategorized methylation	rxnfp-50	0.878300265495603	CNCCN|CN	CNC1=NCCN1C
74	CO[C:1](=[O:2])[C:3][NH2:4].CC(C)(C)OC(=O)[NH:5][C:6][C:7](=[O:8])[OH,O-]>>[C:1](=[O:2])1[C:3][NH:4][C:7](=[O:8])[C:6][NH:5]1	Schotten-Baumann_amide	Schotten-Baumann_amide	smarts-rules	1.0	COC(=O)CN|CC(C)(C)OC(=O)NCC(=O)O	O=C1CNC(=O)CN1
75	[C;!$(C=[N,O,S]):1][NH2:2].[NH2:3][C;!$(C=[O,S,N]):4][C:5][C:6](=[O:7])[O;$(OC)]>>[C:1][N:2]1[C:6](=[O:7])[C:5][C:4][NH:3]C(=O)1	Schotten-Baumann_amide	Schotten-Baumann_amide	smarts-rules	1.0	CN|COC(=O)CCN	CN1C(=O)CCNC1=O
76	[NH2:1][C:2](=[NH])-[#6,H:3].[#6,H:4]-[C:5](=O)[OH,O-].[#6,H:6][NH:7][NH2:8]>>[*:3]-[cH0+0:2]1[nH0+0:1][cH0+0:5](-[*:4])[nH0+0:7]([*:6])[nH0+0:8]1	1,2,4-triazole	1,2,4-triazole	smarts-rules	1.0	N=C(N)NN|CC(=O)O|CNN	Cc1nc(NN)nn1C
77	[#6,#1:1][C:2](=O)[NH:3][NH2:4].[#6,H:5][C:6](=[NH:7])O[CH3]>>[*:1]-[cH0+0:2]1[nH0+0:3][nH0+0:4][cH0+0:6]([*:5])[nH1+0:7]1	1,2,4-triazole	1,2,4-triazole	smarts-rules	1.0	CC(=O)NN|COC(C)=N	Cc1nnc(C)[nH]1
78	[#6,#1:1][C:2](=O)[c:9]1[c:10][c:11][c:12][c:13][c:14]1[NH2:3].CC(C)(C)OC(=O)[NH:4][C:5]([#6,#1:6])[C:7](=[O:8])[OH,O-]>>[O:8]=[C:7]1[NH:3][c:14]2[c:13][c:12][c:11][c:10][c:9]2[CH0+0:2]([*:1])=[NH0+0:4][C:5]1[*:6]	Schotten-Baumann_amide	Schotten-Baumann_amide	smarts-rules	1.0	CC(=O)c1ccccc1N|CC(NC(=O)OC(C)(C)C)C(=O)O	CC1=NC(C)C(=O)Nc2ccccc21
79	[CH3:1][C:2](=[O])[#6:4].[NH2:5][C:6](=[O:7])[N;$([NH](C=O)[#6]),$([NH2](C=O)):8].[OH,O-:9][c:10][c:11][CH:12]=O>>[#6:4][C:2]12[CH2:1][CH:12]([NH:5][C:6](=[O:7])[N:8]1)[c:11][c:10][O:9]2	1.2.1	uncategorized aldehyde reductive amination	rxnfp-50	0.9613739917503372	CC(C)=O|NC(N)=O|O=Cc1ccccc1O	CC12CC(NC(=O)N1)c1ccccc1O2
80	[C;!$(C=[N,O,S]):1][NH2:2].[C;!$(C=[N,O,S]):3][NH2:4].[C:5]=[C:6][C:7](=[O:8])[O;$(OC)]>>[C:1][N:2]1[C:5][C:6][C:7](=[O:8])[N:4]([C:3])C(=O)1	Schotten-Baumann_amide	Schotten-Baumann_amide	smarts-rules	1.0	CN|CN|C=CC(=O)OC	CN1CCC(=O)N(C)C1=O
81	[NH2:1][NH:2][#6:3].O=[CH:4][c:5][c:6][C:7](=[O:8])OC>>[#6:3][N:2]1[N:1]=[CH:4][c:5][c:6][C:7](=[O:8])1	phthalazinone	phthalazinone	smarts-rules	1.0	CNN|COC(=O)c1ccccc1C=O	Cn1ncc2ccccc2c1=O
82	[NH2;$([N][#6]);!$([N]C=[O,S,N]):1].[OH,O-][C:2](=[O:3])[C:4][C:5](=[C;H1,H2:6])[C:7](=[O:8])[O:9]>>[N:1]1[C:2](=[O:3])[C:4][C:5]([C:7](=[O:8])[O:9])[C:6]1	Schotten-Baumann_amide	Schotten-Baumann_amide	smarts-rules	1.0	CN|C=C(CC(=O)O)C(=O)O	CN1CC(C(=O)O)CC1=O
83	[#6:1][C:2]#[N:3]>>[#6:1][c:2]1[n:3][nH][n][n]1	tetrazole_terminal	tetrazole_terminal	smarts-rules	1.0	CC#N	Cc1nn[nH]n1
84	[N:1]C(=O)OC([CH3])([CH3])[CH3]>>[N:1]	6.1.1	uncategorized n-boc deprotection	rxnfp-50	0.9983985332653026	CNC(=O)OC(C)(C)C	CN
85	[C:1](=[O:2])[O:3][#6]>>[C:1](=[O:2])[O:3]	6.3.7	uncategorized methoxy to hydroxy	rxnfp-50	0.7384770082846037	COC=O	O=CO
86	[NH3+,NH2:1]-[C$(C(N)(C)(C)(C)),C$([CH](N)(C)(C)),C$([CH2](N)(C)):2]-[C$(C(c)(C)(C)(C)),C$([CH](c)(C)(C)),C$([CH2](c)(C)):3]-[c:4][cH1:5].[CH:6](-[#6:7])=[O]>>[#6:7]-[CH:6]1[N:1][C:2][C:3][c:4][c:5]1	reductive amination	reductive amination	smarts-rules	1.0	CC(N)Cc1ccccc1|CC=O	CC1Cc2ccccc2C(C)N1
87	[C$(C(=C)([CX4,OX2,NX3])([CX4,OX2,NX3])),C$([CH](=C)([CX4,OX2,NX3])),C$([CH2](=C)):1]=[C$(C(=C)([CX4,OX2,NX3])([CX4,OX2,NX3])),C$([CH](=C)([CX4,OX2,NX3])),C$([CH2](=C)):2].[C$(C(=C)([CX4,OX2,NX3])([CX4,OX2,NX3])),C$([CH](=C)([CX4,OX2,NX3])),C$([CH2](=C)):3]=[C$([C](=C)(C)([CX4,OX2,NX3])),C$([CH](=C)(C)):4]-[C$([C](=C)(C)([CX4,OX2,NX3])),C$([CH](=C)(C)):5]=[C$(C(=C)([CX4,OX2,NX3])([CX4,OX2,NX3])),C$([CH](=C)([CX4,OX2,NX3])),C$([CH2](=C)):6]>>[C:1]1[C:2][C:3][C:4]=[C:5][C:6]1	10.4.2	uncategorized methylation	rxnfp-50	0.9982669335913391	C=C|C=CC=C	C1=CCCCC1
88	[C$(C(#C)([CX4,OX2,NX3])),C$([CH](#C)):1]#[C$(C(#C)([CX4,OX2,NX3])),C$([CH](#C)):2].[C$(C(=C)([CX4,OX2,NX3])([CX4,OX2,NX3])),C$([CH](=C)([CX4,OX2,NX3])),C$([CH2](=C)):3]=[C$([C](=C)(C)([CX4,OX2,NX3])),C$([CH](=C)(C)):4]-[C$([C](=C)(C)([CX4,OX2,NX3])),C$([CH](=C)(C)):5]=[C$(C(=C)([CX4,OX2,NX3])([CX4,OX2,NX3])),C$([CH](=C)([CX4,OX2,NX3])),C$([CH2](=C)):6]>>[C:1]1=[C:2][C:3][C:4]=[C:5][C:6]1	10.4.2	uncategorized methylation	rxnfp-50	0.9400806219125397	C#C|C=CC=C	C1=CCC=CC1
89	[CH3,$([CH2](C=O)[#6])&!R:4][CD3:2](=[O:3])[c:1][c:5][OH:6].[C;$(C1[#6][#6][N,C][#6][#6]1):7](=[OD1])>>[O:6]1[c:5][c:1][C:2](=[OD1:3])[C:4][C:7]1	spiro-chromanone	spiro-chromanone	smarts-rules	1.0	CC(=O)c1ccccc1O|O=C1CCCCC1	O=C1CC2(CCCCC2)Oc2ccccc21
90	[C$(C(=O)(C)([CX4]))&!R,C$(C[H](=O)(C))&!R:1](=[O])[CH1,CH2:3][CH1,CH2:4][C$(C(=O)(C)([CX4]))&!R,C$(C[H](=O)(C))&!R:5]=[O].[N$([NH2,NH3+1]([CX4])):7]>>[c:5]1[c:4][c:3][c:1][n:7]1	Paal-Knorr pyrrole	Paal-Knorr pyrrole	smarts-rules	1.0	CC(=O)CCC(C)=O|CN	Cc1ccc(C)n1C
91	[NH1;$(N-c1ccccc1):1]([NH2])[c:5][cH1:4].[C;$(C([#6])[#6]):2](=[OD1])-[CH2;$(C([#6])[#6]);!$(C(C=O)C=O):3]>>[c:5]1[nH:1][c:2][c:3][c:4]1	Fischer indole	Fischer indole	smarts-rules	1.0	NNc1ccccc1|CCC(=O)CBr	Cc1c(CBr)[nH]c2ccccc12
92	[OH:7][c:6]1[cH:1][c:2][c:3][c:4][c:5]1.[O$(O(C)([CX4]))][C:11](=[O:15])[CH,CH2:10][C:8]=[O]>>[C:8]1=[C:10][C:11](=[O:15])[O:7][c:6]2[c:5][c:4][c:3][c:2][c:1]12	10.4.2	uncategorized methylation	rxnfp-50	0.9996531257123422	Oc1ccccc1|CCOC(=O)CC(C)=O	Cc1cc(=O)oc2ccccc12
93	[*;Br,I;$(*c1ccccc1)][c:1][c:2][OH1,SH1,NH2:3].[CH1:5]#[C:4]>>[c:1]1[c:2][*:3][c:4][c:5]1	indole	indole	smarts-rules	1.0	Nc1ccccc1Br|C#C	c1ccc2[nH]ccc2c1
94	[C$([C](O)([CX4])([CX4])([CX4])),C$([CH](O)([CX4])([CX4])),C$([CH2](O)([CX4]))][O][C$(C(=O)([CX4])),C$([CH](=O)):2]=[O:5].[C$([CH](C)([CX4])([CX4])),C$([CH2](C)([CX4])),C$([CH3](C)):7]-[C$(C(=O)([CX4])),C$([CH](=O)):8]=[O:9]>>[C:7]([C:2]=[O:5])[C:8]=[O:9]	10.4.2	uncategorized methylation	rxnfp-50	0.9992964592714443	CCOC(C)=O|CC=O	CC(=O)CC=O
95	[Br,I][C$(C([Br,I])([CX4])([CX4])([CX4])),C$([CH]([Br,I])([CX4])([CX4])),C$([CH2]([Br,I])([CX4])),C$([CH3]([Br,I])),C$([C]([Br,I])(=C)([CX4])),C$([CH]([Br,I])(=C)),C$(C([Br,I])(#C)),c$(c([Br,I])):1].[Br,I][C$(C([Br,I])([CX4])([CX4])([CX4])),C$([CH]([Br,I])([CX4])([CX4])),C$([CH2]([Br,I])([CX4])),C$([CH3]([Br,I])),C$([C]([Br,I])(=C)([CX4])),C$([CH]([Br,I])(=C)),C$(C([Br,I])(#C)),c$(c([Br,I])):2]>>[#6:1][#6:2]	Negishi	Negishi	smarts-rules	1.0	CBr|CBr	CC
96	[C$([CH](=C)([CX4])),C$([CH2](=C)):2]=[C$(C(=C)([CX4])([CX4])),C$([CH](=C)([CX4])),C$([CH2](=C)):3].[Br,I][C$([CX4]([Br,I])),c$([c]([Br,I])):4]>>[#6:4][C:2]=[C:3]	10.4.2	uncategorized methylation	rxnfp-50	0.9996140728258469	C=C|CBr	C=CC
97	[#6:1][C:2]#[N;D1].[Cl,Br,I][#6;$([#6]~[#6]);!$([#6]([Cl,Br,I])[Cl,Br,I]);!$([#6]=[O,S,N]):3]>>[#6:1][C:2](=O)[#6:3]	Grignard_carbonyl	Grignard_carbonyl	smarts-rules	1.0	CC#N|CCBr	CCC(C)=O
98	[#6:1][C;H1,$([C]([#6])[#6]):2]=[OD1:3].[Cl,Br,I][#6;$([#6]~[#6]);!$([#6]([Cl,Br,I])[Cl,Br,I]);!$([#6]=[O,S,N]):4]>>[C:1][#6:2]([OH1:3])[#6:4]	Grignard_alcohol	Grignard_alcohol	smarts-rules	1.0	CC=O|CCBr	CCC(C)O
99	[c:1]B(O)O.[nH1;+0;r5;!$(n[#6]=[O,S,N]);!$(n~n~n);!$(n~n~c~n);!$(n~c~n~n):2]>>[c:1][n:2]	N-arylation_heterocycles	N-arylation_heterocycles	smarts-rules	1.0	OB(O)c1ccccc1|c1cc[nH]c1	c1ccc(-n2cccc2)cc1
100	[*:1][C:2]#[CH:3].[Cl,Br,I][C$(C([CX4,c])([CX4,c])([CX4,c])),C$([CH]([CX4,c])([CX4,c])),C$([CH2]([CX4,c])),C$([CH3]),c$(c):4]>>[#6:4][C:3]#[C:2][*:1]	10.4.2	uncategorized methylation	rxnfp-50	0.9993988260529445	C#CC|CCl	CC#CC
101	[C$(C(C)([CX4])([CX4])([CX4])),C$([CH](C)([CX4])([CX4])),C$([CH2](C)([CX4])),C$([CH3](C)):1][C:2]#[CH:3].[Cl,Br,I][C$(C(=O)([CX4])),C$([CH](=O)):5]=[O:6]>>[#6:1][C:2]#[C:3][C:5]=[O:6]	3.3.1	uncategorized sonogashira coupling	rxnfp-50	0.9998241647057989	C#CC|CC(=O)Cl	CC#CC(C)=O
102	[#6:1][C;H1,$([CH0]([#6])[#6]);!$(CC=O):2]=[OD1].[Cl,Br,I][C;H2;$(C[#6]);!$(CC[I,Br]);!$(CCO[CH3]):3]>>[C:1][C:2]=[C:3]	Wittig	Wittig	smarts-rules	1.0	CC=O|CCBr	CC=CC
103	[Cl,Br,I][c;$(c1:[c,n]:[c,n]:[c,n]:[c,n]:[c,n]:1):1].[N;$(NC)&!$(N=*)&!$([N-])&!$(N#*)&!$([ND3])&!$([ND4])&!$([N][N])&!$(N[c,O])&!$(N[C,S]=[S,O,N]),H2&$(Nc1:[c,n]:[c,n]:[c,n]:[c,n]:[c,n]:1):2]>>[c:1][N:2]	Buchwald-Hartwig	Buchwald-Hartwig	smarts-rules	1.0	Brc1ccccc1|CN	CNc1ccccc1
104	[C;$(C([#6])[#6;!$([#6]Br)]):4](=[OD1])[CH;$(C([#6])[#6]):5]Br.[NH2:3][C;$(C(=N)(N)[#6,#7]):2]=[NH;D1:1]>>[c:4]1[c:5][nH:3][c:2][n:1]1	imidazole	imidazole	smarts-rules	1.0	CC(=O)C(C)Br|N=C(N)N	Cc1nc(N)[nH]c1C
105	[c;$(c1[c;$(c[C,S,N](=[OD1])[*;R0;!OH1])]cccc1):1][C;$(C(=O)[OH])].[c;$(c1aaccc1):2][Cl,Br,I]>>[c:1][c:2]	decarboxylative_coupling	decarboxylative_coupling	smarts-rules	1.0	CNC(=O)c1ccccc1C(=O)O|Brc1ccccc1	CNC(=O)c1ccccc1-c1ccccc1
106	[N;$(N[#6]):1]=[C;$(C=O):2].[N;$(N[#6]);!$(N=*);!$([N-]);!$(N#*);!$([ND3]);!$([ND4]);!$(N[O,N]);!$(N[C,S]=[S,O,N]):3]>>[N:1][C:2][N+0:3]	urea	urea	smarts-rules	1.0	CN=C=O|CN	CNC(=O)NC
107	[OH,O-][C$(C(=O)([OH,O-])([CX4])),C$([CH](=O)([OH,O-])):1]=[O:2]>>[Cl][C:1]=[O:2]	9.1.6	uncategorized hydroxy to chloro	rxnfp-50	0.8763184561791095	O=CO	O=CCl
108	[OH][$([CX4]),c:1]>>[Br][#6:1]	10.1.1	uncategorized bromination	rxnfp-50	0.9971560819877904	CO	CBr
109	[OH][$([CX4]),c:1]>>[Cl][#6:1]	9.1.6	uncategorized hydroxy to chloro	rxnfp-50	0.6697429454239273	CO	CCl
110	[OH,O-][S$(S([CX4])):1](=[O:2])=[O:3]>>[Cl][S:1](=[O:2])=[O:3]	10.1.2	uncategorized chlorination	rxnfp-50	0.9174672910257357	O=S(=O)(O)C(F)(F)F	O=S(=O)(Cl)C(F)(F)F
111	[OH+0,O-:1][C:2](=[O:3])[C$([CH]([CX4])),C$([CH2]):4]>>[#8:1][C:2](=[O:3])[C:4][Br]	10.1.1	uncategorized bromination	rxnfp-50	0.9958330813154476	NCC(=O)O	NC(Br)C(=O)O
112	[OH+0,O-:1][C:2](=[O:3])[C$([CH]([CX4])),C$([CH2]):4]>>[#8:1][C:2](=[O:3])[C:4][Cl]	10.1.2	uncategorized chlorination	rxnfp-50	0.9995756818890238	NCC(=O)O	NC(Cl)C(=O)O
113	[Cl,Br,I][C$(C([CX4,c])([CX4,c])([CX4,c])),C$([CH]([CX4,c])([CX4,c])),C$([CH2]([CX4,c])),C$([CH3]),c$(c):1]>>[N]#[C][#6:1]	2.1.7	uncategorized n-acetylation	rxnfp-50	0.4305205671225552	CCl	CC#N
114	[OH,NH2,NH3+][CH2:2][C$(C([CX4,c])([CX4,c])([CX4,c])),C$([CH]([CX4,c])([CX4,c])),C$([CH2]([CX4,c])),C$([CH3]),c$(c):1]>>[#6:1][C:2]#[N]	10.4.2	uncategorized methylation	rxnfp-50	0.8601232525611097	CCN	CC#N
